{
  "source": "02_espac_livestock_lci_table_filtered__summary_national.csv",
  "rowCount": 14,
  "columnCount": 23,
  "columns": [
    "Region",
    "Province",
    "Product",
    "Species",
    "System",
    "Functional_unit",
    "Normalized_product_output_kg",
    "ch4_enteric_kg_per_kg_product",
    "ch4_manure_kg_per_kg_product",
    "n2o_direct_kg_per_kg_product",
    "total_direct_gas_kg_per_kg_product",
    "water_l_per_kg_product",
    "electricity_kwh_per_kg_product",
    "area_ha_per_kg_product",
    "total_feed_kg_per_kg_product",
    "supplement_feed_kg_per_kg_product",
    "pasture_feed_kg_per_kg_product",
    "unmatched_pasture_feed_kg_per_kg_product",
    "nh3_total_kg_per_kg_product",
    "nh3_housing_kg_per_kg_product",
    "nh3_grazing_kg_per_kg_product",
    "nox_as_no2_kg_per_kg_product",
    "animals_total_live_weight_kg_per_kg_product"
  ],
  "rows": [
    [
      "(all regions confounded)",
      "(all provinces confounded)",
      "cattle_meat",
      "cattle",
      "(unknown)",
      "1 kg product",
      "1",
      "0.210419099088",
      "0.019129009008",
      "0.00114774054048",
      "0.230695848637",
      "43.040270268",
      "0.57387027024",
      "0.000170565876504",
      "9.56450450401",
      "3.8258018016",
      "5.7387027024",
      "0.86080540536",
      "0.00252502918906",
      "0.00176752043234",
      "0.000757508756717",
      "0.000459096216192",
      "1"
    ],
    [
      "(all regions confounded)",
      "(all provinces confounded)",
      "cattle_meat",
      "cattle",
      "beef",
      "1 kg product",
      "1",
      "0.208478227651",
      "0.01895256615",
      "0.001137153969",
      "0.22856794777",
      "42.6432738376",
      "0.568576984501",
      "0.00036818195586",
      "9.47628307502",
      "3.79051323001",
      "5.68576984501",
      "0.852865476752",
      "0.00250173873181",
      "0.00175121711226",
      "0.000750521619542",
      "0.000454861587601",
      "1"
    ],
    [
      "(all regions confounded)",
      "(all provinces confounded)",
      "cattle_meat",
      "cattle",
      "dairy",
      "1 kg product",
      "1",
      "0.211911834441",
      "0.0192647122219",
      "0.00115588273332",
      "0.232332429397",
      "43.3456024994",
      "0.577941366658",
      "0.000170514688494",
      "9.63235611097",
      "3.85294244439",
      "5.77941366658",
      "0.866912049988",
      "0.0025429420133",
      "0.00178005940931",
      "0.000762882603989",
      "0.000462353093327",
      "1"
    ],
    [
      "(all regions confounded)",
      "(all provinces confounded)",
      "cattle_meat",
      "cattle",
      "dual-purpose",
      "1 kg product",
      "1",
      "0.213570078702",
      "0.0194154617002",
      "0.00116492770201",
      "0.234150468105",
      "43.6847888255",
      "0.582463851007",
      "0.000248108368129",
      "9.70773085011",
      "3.88309234004",
      "5.82463851007",
      "0.87369577651",
      "0.00256284094443",
      "0.0017939886611",
      "0.000768852283329",
      "0.000465971080805",
      "1"
    ],
    [
      "(all regions confounded)",
      "(all provinces confounded)",
      "eggs",
      "poultry",
      "(unknown)",
      "1 kg shell eggs",
      "1",
      "0",
      "0.00470319876306",
      "0.000705479814459",
      "0.00540867857752",
      "6.46689829921",
      "0.117579969076",
      "9.37168690892e-07",
      "1.59908757944",
      "1.59908757944",
      "0",
      "0",
      "0.00155205559181",
      "0.00108643891427",
      "0.000465616677543",
      "0.000282191925783",
      "0.1224120226"
    ],
    [
      "(all regions confounded)",
      "(all provinces confounded)",
      "eggs",
      "poultry",
      "layers",
      "1 kg shell eggs",
      "1",
      "0",
      "0.0047053991004",
      "0.00070580986506",
      "0.00541120896546",
      "6.46992376305",
      "0.11763497751",
      "1.1869076838e-06",
      "1.59983569414",
      "1.59983569414",
      "0",
      "0",
      "0.00155278170313",
      "0.00108694719219",
      "0.00046583451094",
      "0.000282323946024",
      "0.122469291654"
    ],
    [
      "(all regions confounded)",
      "(all provinces confounded)",
      "meat_poultry",
      "poultry",
      "(all holdings)",
      "1 kg meat product",
      "1",
      "0",
      "0.015835935367",
      "0.00237539030504",
      "0.018211325672",
      "21.7744111296",
      "0.395898384174",
      "8.57813470011e-06",
      "5.38421802476",
      "5.38421802476",
      "0",
      "0",
      "0.00522585867109",
      "0.00365810106977",
      "0.00156775760133",
      "0.000950156122017",
      "1"
    ],
    [
      "(all regions confounded)",
      "(all provinces confounded)",
      "milk",
      "cattle",
      "(unknown)",
      "1 kg FPCM",
      "1",
      "0.0301237414246",
      "0.00273852194769",
      "0.000164311316861",
      "0.0330265746891",
      "6.1616743823",
      "0.0821556584306",
      "1.26179123199e-05",
      "1.36926097384",
      "0.547704389538",
      "0.821556584306",
      "0.123233487646",
      "0.000361484897095",
      "0.000253039427966",
      "0.000108445469128",
      "6.57245267445e-05",
      "0.187569996417"
    ],
    [
      "(all regions confounded)",
      "(all provinces confounded)",
      "milk",
      "cattle",
      "beef",
      "1 kg FPCM",
      "1",
      "0.0592154327945",
      "0.00538322116314",
      "0.000322993269788",
      "0.0649216472274",
      "12.1122476171",
      "0.161496634894",
      "5.98470445483e-05",
      "2.69161058157",
      "1.07664423263",
      "1.61496634894",
      "0.242244952341",
      "0.000710585193534",
      "0.000497409635474",
      "0.00021317555806",
      "0.000129197307915",
      "0.368713778297"
    ],
    [
      "(all regions confounded)",
      "(all provinces confounded)",
      "milk",
      "cattle",
      "dairy",
      "1 kg FPCM",
      "1",
      "0.0265984410602",
      "0.00241804009638",
      "0.000145082405783",
      "0.0291615635623",
      "5.44059021685",
      "0.0725412028913",
      "1.92170035736e-05",
      "1.20902004819",
      "0.483608019276",
      "0.725412028913",
      "0.108811804337",
      "0.000319181292722",
      "0.000223426904905",
      "9.57543878166e-05",
      "5.80329623131e-05",
      "0.165619184683"
    ],
    [
      "(all regions confounded)",
      "(all provinces confounded)",
      "milk",
      "cattle",
      "dual-purpose",
      "1 kg FPCM",
      "1",
      "0.0498997430713",
      "0.00453634027921",
      "0.000272180416752",
      "0.0547082637673",
      "10.2067656282",
      "0.136090208376",
      "5.25955818713e-05",
      "2.2681701396",
      "0.907268055842",
      "1.36090208376",
      "0.204135312564",
      "0.000598796916856",
      "0.000419157841799",
      "0.000179639075057",
      "0.000108872166701",
      "0.310708238302"
    ],
    [
      "(all regions confounded)",
      "(all provinces confounded)",
      "other_livestock_live",
      "other",
      "(all holdings)",
      "1 kg product",
      "1",
      "0.0357910562295",
      "0.00894776405738",
      "0.000447388202869",
      "0.0451862084898",
      "21.4746337377",
      "0.0178955281148",
      "0.00324090332388",
      "3.57910562295",
      "1.78955281148",
      "1.78955281148",
      "0.268432921721",
      "0.000984254046312",
      "0.000688977832418",
      "0.000295276213893",
      "0.000178955281148",
      "1"
    ],
    [
      "(all regions confounded)",
      "(all provinces confounded)",
      "ovine_live",
      "ovine",
      "(all ovine)",
      "1 kg live weight equivalent",
      "1",
      "0.268974328303",
      "0.0358632437737",
      "0.00179316218868",
      "0.306630734265",
      "68.14016317",
      "0.0896581094342",
      "0.000178104504515",
      "10.7589731321",
      "2.15179462642",
      "8.60717850568",
      "1.29107677585",
      "0.0039449568151",
      "0.00276146977057",
